applied,original,title,company,summary, link
0,0,Back-End Software Engineer,Navier Inc.,Requirements for a Back-End Software Engineer:. Primary responsibilities of a Back-End Software Engineer:. C# or Java C Rust....,https://www.indeed.com//pagead/clk?mo=r&ad=-6NYlbfkN0DLgXN0ejRmups6oHfZ_03tDn-DvKF6Cd-75YewHnhfSSoDv7OdZKwV70Am93zriMib8y1pgdNBP3NP7TXi6kc5vIQQFhKtElOWialID5drEzAHGGWFF5PzuzS5pln8yzgUQscK0hpn9n8tF_1v1YG4l2T8nC99lU8uPt6-ZcC6LRJWhI6rY-pbC3wMOsaEznIZp4vG5rTbj-CV5Tpie3Q2cZswNWVp-gpEA7W95O51JEZ3LWMcZIv1_kpgKoav2cG75S2d7Lc6eYsurfzM2gC5nYPBuASttpy4eEg4FfKMFCxhAoiA90TJkFMEsw-bmcsmIu4zMFEdrrurRm-Vb15t3OU2GyEf_-0GTQ4KXFYFk38frZdtY6EJiXwqp9XifhyrT2IBrgzRx7_7nYLvHzktzo7Mq8Z1U7SARLqkAhtlfh-n4XQvLQ2HU2wOGnppwYSk_0NZDT9ONQ==&vjs=3&p=16&fvj=1
0,1,Software Quality Analyst,Livly,What youll do in this role:. Contribute to building operating procedures and the collection of measures put in place to ensure consistency and improvement in...,https://www.indeed.com/rc/clk?jk=100150370402e27a&from=vj&pos=top
0,1,DevOps Engineer,Honor Technology Solutions,Hands on experience on a private cloud provider such as Pivotal Cloud Foundry or Public Cloud such as Amazon Web Services (AWS) is a plus....,https://www.indeed.com/rc/clk?jk=65036f7be36a5957&from=vj&pos=top
0,1,Sales Engineer Hybrid Cloud Google Cloud,Google,Google Cloud helps millions of employees and organizations empower their employees serve their customers and build what’s next for their business — all with...,https://www.indeed.com/rc/clk?jk=750a7f5c87a46ef5&from=vj&pos=top
0,1,Software Developer,Sunrise Futures LLC,Exploring and working with industry leading software and hardware. In addition to a challenging and rewarding atmosphere our team enjoys extremely competitive...,https://www.indeed.com/rc/clk?jk=212051d9508817c3&from=vj&pos=top
0,1,Summer 2019 - Software Development Intern,Solstice,The Software Development intern will help develop new software for internal and external (client-facing) projects across various Mobile Web Cloud and AI...,https://www.indeed.com/rc/clk?jk=f8cc4b8d94aba3fd&from=vj&pos=top
0,1,Software Engineer,Codeverse,We are very detail oriented. Thats why we built Kidscript a language designed for learning and for kids and why we built Codeverse Studios - the worlds...,https://www.indeed.com/rc/clk?jk=c31be5a9bc6f978b&from=vj&pos=top
0,1,Software Development Engineer 1,Advanced Micro Devices Inc.,Work with lead project engineers to define develop and deploy development process to ensure quality and timely delivery of our technologies w/ customers....,https://www.indeed.com/rc/clk?jk=3bf73547b31a1f8a&from=vj&pos=top
0,1,Software Engineers/Programmers,MatrixSea,SAP (Technical & Functional) People Soft Siebel Java VB ASP SQL C++/VC++ PB CORBA E-Commerce Lotus Notes....,https://www.indeed.com/rc/clk?jk=67069c69b61c8548&from=vj&pos=top
0,0,Jr Java Developer,Dataquest Corp,*Dataquest Corp is a leading company in New Jersey. We provide staffing services to our clients across USA. Dataquest Corp has nearly 750+ H1B’s consultants....,https://www.indeed.com//company/Dataquest-Corp/jobs/Junior-Java-Developer-fc6090c4d302adc3?fccid=dd616958bd9ddc12&vjs=3
0,1,Junior Trader (Asian Shift) - Chicago,XR Trading LLC,Java C# Python) is helpful. Degree from an accredited university preferably in a science such as Electrical Engineering Computer Science Material Science...,https://www.indeed.com/rc/clk?jk=ce0cf755572b58ca&from=vj&pos=top
0,1,Python Software Engineer,ActiveCampaign,We’re looking for software engineers with experience building high-throughput data-intensive applications in Python....,https://www.indeed.com/rc/clk?jk=6e04d8a47b305d37&from=vj&pos=top
0,0,Seasonal – Wetland Ecologist/Biolgist – Midwest Region,Shoener Environmental Inc.,Familiarity with Army Corps of Engineers regional supplements. Wetland delineation experience using the 1987 Corps of Engineers Wetland Delineations Manual or...,https://www.indeed.com//company/Shoener-Environmental-Inc./jobs/Seasonal-Wetland-Ecologist-Biolgist-Midwest-Region-ebbf81affbe729d1?fccid=aeece5d85c7703d3&vjs=3
0,1,Java Software Engineer,Vail Systems Inc.,From basic network services to state-of-the-art IP telephony to cutting edge real-time analytics Vail technology makes millions of voice interactions better...,https://www.indeed.com/rc/clk?jk=9c587c5c3daede2d&from=vj&pos=top
0,1,Backend Developer,Jio Inc.,Featuring a host of encryption and security technologies Jiobit is trusted by federal government customers law enforcement professionals and thousands of pet...,https://www.indeed.com/rc/clk?jk=0fffade956318235&from=vj&pos=top
0,1,R&D Software Engineer 3,Broadcom,Software Engineer 3 Job Description. MF Assembler Metal C C Java JavaScript etc; Experience in Agile Software Development;...,https://www.indeed.com/rc/clk?jk=32f2182bd9b1480b&from=vj&pos=top
0,1,Associate Software Engineer,Broadcom,MF Assembler Metal C C Java JavaScript etc; Experience in Agile Software Development; However experience in one or more of these areas could make you a...,https://www.indeed.com/rc/clk?jk=fa01dd338104754c&from=vj&pos=top
0,1,Agile Software Developer,Allstate,For jobs in San Francisco please click here for information regarding the San Francisco Fair Chance Ordinance....,https://www.indeed.com/rc/clk?jk=22cfdee9c311f5ec&from=vj&pos=top
0,1,Software Engineer,OneMain Financial,Youll work as part of a full-stack agile development team to design and implement web applications at the leading edge of digital lending....,https://www.indeed.com/rc/clk?jk=30284436a842185a&from=vj&pos=top&spon=1&adid=267703609&sjdu=teYnAu8OgCGxABCwWD3OBGSvNPsXXaEnWLrUq8268_TN1x4WEg_oZhPZdC1I5d-V_C1kNNhj62wtMIoSRnQAkEmXMW6DzK2DE5Ha1vq19fJzeQ-njTfckc-_7SqXuwdgQEXNc2PLS7FlWXAfNR4j8ZUVO6WyCWfCkdVI6cS5C2VToOVnPZQoCEgXBYOBr3vjp2TGpA4QTxuhHYJtJ6XyfjdFh7bqhUhdYMe8yssQvZ8WcwZZU3yxlCk21tiyiuzb9GVD8glProO5JGYWbPzZkg
0,1,Developer - Front-End,Syngenta,A culture that promotes work/life balance celebrates diversity and offers numerous family oriented events throughout the year....,https://www.indeed.com/rc/clk?jk=cb5455fdc52aa6b4&from=vj&pos=top
0,1,Staff Back End Java Engineer – Platform Development,ServiceNow,Strong Java experience (or similar). Staff Back End Software Engineer. Experience developing object-oriented software....,https://www.indeed.com/rc/clk?jk=f48e18ec686e447c&from=vj&pos=top
0,1,Software Engineer (Security),Relativity,Our SaaS product RelativityOne has become the fastest-growing product in the companys history and we have consistently been named a great workplace....,https://www.indeed.com/rc/clk?jk=5249eb9faa17f3f0&from=vj&pos=top
0,0,Back-End Software Engineer,Navier Inc.,C# or Java C Rust. Full-time Part-time Contract. As a Back-End Software Engineer you will primarily work with C# ASP.NET Core and Google Cloud Platform....,https://www.indeed.com//pagead/clk?mo=r&ad=-6NYlbfkN0DLgXN0ejRmups6oHfZ_03tDn-DvKF6Cd-75YewHnhfSSoDv7OdZKwV70Am93zriMib8y1pgdNBP3NP7TXi6kc5vIQQFhKtElOWialID5drEzAHGGWFF5PzuzS5pln8yzgUQscK0hpn9n8tF_1v1YG4l2T8nC99lU9uuP0ii9BvSykiYjY-pnhMeKWqi4H1t7lycPnm0d6NiJgesAFwsZQ0p3bYUUsK-LI00mIxIiSDnp9nwyFqs0U8KODiAmqY2FsDaZmT3ZHE-MH_3J8aRZsDHruXs8TPVCiYJzOSGq3V4k6Vi3h5UGPpuwgMi1oFzKIBktg5QQGYY2X4EOrBIZlrD-Bah_5yDttpOAYIR5I7UizJ2-py2147d1umrRO37nGrtbXlD4gOav0v_BPYI6WdWLsSwuJ3umpTnL5_sm0hs9u8h0W6rw4oXfud03j6QOBksSStS07CTw==&vjs=3&p=13&fvj=1
0,1,Frontend Software Engineer,eSpark Learning,As a Frontend Software Engineer youll join our small growing engineering team. Youll contribute to creating fast dynamic age-differentiated applications...,https://www.indeed.com/rc/clk?jk=4dcb0d425e258437&from=vj&pos=top
0,1,Cloud Practice - Junior Software Developer (Starting Summer 2019),Solstice,Intensive workshops and trainings on technologies such as Java Spring Boot paired-programming Pivotal Cloud Foundry and other cloud native development...,https://www.indeed.com/rc/clk?jk=8f53e8051b7aeaea&from=vj&pos=top
0,1,Systems Operator,Walmart,Troubleshoot all system and user issues (hardware and software); Both 1 year work experience maintaining and troubleshooting computer systems (e.g. networks...,https://www.indeed.com/rc/clk?jk=9399af46f6855b4e&from=vj&pos=top
0,1,Android Software Engineer,Acculynx,This role requires someone who loves the craft of building great software and is passionate about the user experience. What You Will Be Doing Every Day:....,https://www.indeed.com/rc/clk?jk=b723288ad59bbbc0&from=vj&pos=top
0,0,Application and Infrastructure Support Engineer,Zorch,Emergency system outage and security attack support - 3 to 5 years. Unlike most small companies we have a very attractive benefits program....,https://www.indeed.com//company/Zorch/jobs/Application-Infrastructure-Support-Engineer-48c3fa01d98ff1d5?fccid=ca261c3f6960dc97&vjs=3
0,0,Junior Java Developer,Purexcel,Robust understanding of Java an in depth understanding of other Java technologies including Servlets JSP JDBC and other J2EE technologies....,https://www.indeed.com//company/Purexcel/jobs/Junior-Java-Developer-62d4d1d7bc89bd73?fccid=5e2cd61a0830a0c1&vjs=3
0,0,Back-End Software Engineer,Navier Inc.,Requirements for a Back-End Software Engineer:. Primary responsibilities of a Back-End Software Engineer:. C# or Java C Rust....,https://www.indeed.com//pagead/clk?mo=r&ad=-6NYlbfkN0DLgXN0ejRmups6oHfZ_03tDn-DvKF6Cd-75YewHnhfSSoDv7OdZKwV70Am93zriMib8y1pgdNBP3NP7TXi6kc5vIQQFhKtElOWialID5drEzAHGGWFF5PzuzS5pln8yzgUQscK0hpn9n8tF_1v1YG4l2T8nC99lU8-YwbLqXaNjxdfMK6WqJXh_Z3nXwcS8iC6TwIpLOLwWJ1GhCU-1kh0YzWyxJXA1Q4JY2XtU1sggAlohCZPHNknTQjdjetYkBHk4ejKCT10Z66CkaLfqzQDIOU2jMsliPz5NTY7AVRvvBnpn5dddnTVKyOjhKMntEdlWBo50riK2wnkUA1n3qglPgI27uMKJzYIVIQ73x-pjc7LHq0qFz36PhEygoSqrn5exQ1Jvnrks0bF_nz1V85-UBxYf4ecgASWUBIs1IbDWMCMG99YXBxT1af-de2ATdhP3iWyuJS9Yg==&vjs=3&p=13&fvj=1
0,1,Associate Software Engineer,Dentsu Aegis Network,Associate Software Engineer. The purpose of this role is deliver new and enhanced bespoke application solutions to meet business requirements and provide...,https://www.indeed.com/rc/clk?jk=a36ccebaeea5a71c&from=vj&pos=top
0,1,Junior Software System Engineer,First American Bank,Must be very detail-oriented and analytical in nature with strong problem solving and decision making skills. Microsoft SharePoint and CRM experience is a plus...,https://www.indeed.com/rc/clk?jk=1f642e7ee070c722&from=vj&pos=top
0,1,Front-End Software Engineer,PowerReviews,Our current stack consists of Linux Java Tomcat Nginx PostgreSQL MySQL ElasticSearch React.js Redux Docker and some Ruby on Rails....,https://www.indeed.com/rc/clk?jk=fd1dba1001f6f690&from=vj&pos=top
0,1,Principal Software Engineer,Orthogonal,As a Principal Software Engineer youll apply cutting-edge techniques and technologies build great products develop reusable platforms and grow great teams....,https://www.indeed.com/rc/clk?jk=9908259d92b95472&from=vj&pos=top
0,1,Software Engineer,Kenna Security,We’re small enough that every employee receives a healthy amount of equity and the chance to have a significant impact on technical process and company culture...,https://www.indeed.com/rc/clk?jk=7a71a39f5207a30d&from=vj&pos=top
0,1,Software Engineer 1,Capgemini,Any period of experience using Service Oriented Architecture (SOA) and emerging trends; Execute project work plans in the field;...,https://www.indeed.com/rc/clk?jk=b8405ea309fc176d&from=vj&pos=top
0,1,Software Developer,Northwestern University,NetLogo also featur es an expansive API that members of the NetLogo community use to extend the language to integrate with software like GIS databases Python...,https://www.indeed.com/rc/clk?jk=9e827474f0e844a6&from=vj&pos=top
0,1,Associate Quality Engineer- Entry Level,Discover Financial Services,This position offers the opportunity to work in the new and fast growing Digital Checkout Services space where you will get to work with next generation tools...,https://www.indeed.com/rc/clk?jk=845dd5bfa13cee95&from=vj&pos=top&spon=1&adid=3828705&sjdu=ANkUp6jhzOTw70HH3FLPIm25_3tf7k6di3TaGJoJoFPrxOxr4Zo0LmimRBwb8zEEH6gjQoVD4iiWyezFtbbOtqwAAXmddcU3WURp1uYdvYKT8NdLHZ55QcvWGGfz-LmdFbhrDbDzNImQj35VzQSXXs9gVXttOUYoDMk6JBnEJsym3ACVE97nWeVptnMfujIs
0,1,Software Developer,Bank of America,Java MQ experience developing on large scale systems experience debugging and performance tuning excellent software design skills good communication skills...,https://www.indeed.com/rc/clk?jk=c32259f969dba783&from=vj&pos=top
0,1,Software Engineer in Test,Relativity,Our SaaS product RelativityOne has become the fastest-growing product in the companys history and we have consistently been named a great workplace....,https://www.indeed.com/rc/clk?jk=df1e4be537d30383&from=vj&pos=top
0,1,Developer Associate,Northwestern University,The Developer completes maintenance on existing software products. Tests and debugs software. This role assists in developing code testing and debugging new...,https://www.indeed.com/rc/clk?jk=4e656886b36d6892&from=vj&pos=top
0,0,Back-End Software Engineer,Navier Inc.,Requirements for a Back-End Software Engineer:. Primary responsibilities of a Back-End Software Engineer:. C# or Java C Rust....,https://www.indeed.com//pagead/clk?mo=r&ad=-6NYlbfkN0DLgXN0ejRmups6oHfZ_03tDn-DvKF6Cd-75YewHnhfSSoDv7OdZKwV70Am93zriMib8y1pgdNBP3NP7TXi6kc5vIQQFhKtElOWialID5drEzAHGGWFF5PzuzS5pln8yzgUQscK0hpn9n8tF_1v1YG4l2T8nC99lU8TfC7R_iRVGlintf6_fy5slEgt5HM-HQc8-ZdJmzPbWeDcvjXFIKihv-eBUQVk9KH3KVyuR9FzgGz7PERScBI-uO3dVWl6S-Ev3gArT4YSaxDjkAqfMr8BGvMqHLQhp9h086es2-wSChulDckZ3IL2qP_pbg4dysG1GmmGgQMo8VY-p_yWdxFJuoOJB1Zj39lRdPtldWep6tRHmAiW5N3M9fK3eN4xNuirCUzfduPM9fmD4ERfXcR7w834TWx-n6cDWD6XjPdBtmsfEWKYWAJ2mtS2OOKwYMGbklxM6TlhXg==&vjs=3&p=17&fvj=1
0,1,College of Arts and Sciences Faculty Positions,Northeastern Illinois University,Employment Services reserves the right not to consider any application on the basis of:. College of Arts and Sciences....,https://www.indeed.com/rc/clk?jk=1610ac9a33a0d49e&from=vj&pos=top
0,0,Junior Java Developer,SynergisticIT,Candidate who are open to invest 3-4 months in learning about Java and then have a job in the Fortune 500 Companies.*....,https://www.indeed.com//company/SynergisticIT/jobs/Junior-Java-Developer-1ecbf9db402067f2?fccid=09cebc604b615efc&vjs=3
0,0,Back-End Software Engineer,Navier Inc.,C# or Java C Rust. Full-time Part-time Contract. As a Back-End Software Engineer you will primarily work with C# ASP.NET Core and Google Cloud Platform....,https://www.indeed.com//company/Navier-Inc./jobs/Back-End-Software-Engineer-9e34131e32b54dfc?fccid=38350d7d5bbbaad4&vjs=3
0,1,Software Engineer,Motorola Solutions,Java Swift C++ C# JavaScript Typescript Go Python Angular HTML CSS. Based on their needs we create solutions by applying our experience in user...,https://www.indeed.com/rc/clk?jk=a52a68d3e252acbe&from=vj&pos=top
0,1,Software Developer (Chicago),Extreme Reach,SQL Server My SQL or similar relational databases. Design and develop highly scalable web applications. Design code and test across the full application stack...,https://www.indeed.com/rc/clk?jk=7701f84ec939d403&from=vj&pos=top
0,1,Full Stack Engineer,Agentis Energy,Full Stack Engineer. Combining data analytics interactive software and multiple engagement methods utilities can now drive customer satisfaction and...,https://www.indeed.com/rc/clk?jk=a456cc86c177f769&from=vj&pos=top
0,1,QA Analyst,Mattersight,NICE-Mattersight creates that feeling every day in call centers and companies around the world through a unique suite of enterprise software solutions....,https://www.indeed.com/rc/clk?jk=2c05abef04e1fed1&from=vj&pos=top
0,1,Software Engineer Intern - Chicago,XR Trading LLC,Rapidly growing Chicago-based proprietary trading firm seeks part-time Software Engineer Intern to work on data-related development projects....,https://www.indeed.com/rc/clk?jk=d8bbae0a0c141119&from=vj&pos=top
0,1,Software Engineer (Front-End and Back-End) Chronicle,Chronicle,Front-End Software Engineers:. Joining experts in large-scale cloud computing big data machine learning and cybersecurity youll help build out the next...,https://www.indeed.com/rc/clk?jk=35bdde79029c2a41&from=vj&pos=top
0,0,Back-End Software Engineer,Navier Inc.,Requirements for a Back-End Software Engineer:. Primary responsibilities of a Back-End Software Engineer:. C# or Java C Rust....,https://www.indeed.com//pagead/clk?mo=r&ad=-6NYlbfkN0DLgXN0ejRmups6oHfZ_03tDn-DvKF6Cd-75YewHnhfSSoDv7OdZKwV70Am93zriMib8y1pgdNBP3NP7TXi6kc5vIQQFhKtElOWialID5drEzAHGGWFF5PzuzS5pln8yzgUQscK0hpn9n8tF_1v1YG4l2T8nC99lU9GE1YY73YV004W4scCW40Nh5im9D8geMtTCEH1qJ2rlKD02Uq10zTf9nz7MneqxIy-8Xen-ky3LG6qlr1dEe94HoXqIRhYCg8wdts3rzk3z00B0cb4-V_1OtWul5Robk3gu8ZA3RHh72K7t0TDkq0j2qcrtTonffHL5KllyfWRXA3en56oIHN11-9xKk8XmTMAWbcDSabJGZIQ39cx9QC57SPHAamc2xbH5sVqfb1JnCBXYLwhSZCYXFoRuShXx8sH_APR9ehn3t2nRh0r8E4yrAtpjUxH8sZH1XhG6Qqa2Q==&vjs=3&p=17&fvj=1
0,1,Front-End Developer Intern,All Campus,Major in Computer Science Math Engineering or a similar field or prior experience and training. Front-End Developer Internship....,https://www.indeed.com/rc/clk?jk=71d42ba002ed4e0a&from=vj&pos=top
0,1,Entry Level Software Engineer,Revature,Our Software Engineers design analyze and build next-gen software systems including business applications games computer applications middleware and...,https://www.indeed.com/rc/clk?jk=b8847193c16d61e2&from=vj&pos=top&spon=1&adid=248916883&sjdu=i6xVERweJM_pVUvgf-Mzud6v7vx4W2vba62rTobId345kI_hyylsENpZjRGHV3Qz
0,1,Entry Level Software Engineer,Revature,Java Javascript C++ C# .Net. Our Software Engineers design analyze and build next-gen software systems including business applications games computer...,https://www.indeed.com/rc/clk?jk=b8847193c16d61e2&from=vj&pos=top&spon=1&adid=248916883&sjdu=i6xVERweJM_pVUvgf-Mzud6v7vx4W2vba62rTobId345kI_hyylsENpZjRGHV3Qz
0,0,Back-End Software Engineer,Navier Inc.,Requirements for a Back-End Software Engineer:. Primary responsibilities of a Back-End Software Engineer:. C# or Java C Rust....,https://www.indeed.com//pagead/clk?mo=r&ad=-6NYlbfkN0DLgXN0ejRmups6oHfZ_03tDn-DvKF6Cd-75YewHnhfSSoDv7OdZKwV70Am93zriMib8y1pgdNBP3NP7TXi6kc5vIQQFhKtElOWialID5drEzAHGGWFF5PzuzS5pln8yzgUQscK0hpn9n8tF_1v1YG4l2T8nC99lU9z1HKyBqX0HmXRSlLR_QGWmH0XQjMzjNb1faWeoW9qjNnxI3BXwdvTwG9Iw89TAOGpctt8LF_fOaMWJOWuNBdosfzk3amxByApUZMAEw0QbHHxxyKxaWMQq33Hr1jO8YB93la4AcctjNIa93DRqipOPJc5BjiZwiR2vgoXlZoft9aGeuRNhVxcf316o2b2yv9fWS9u4x5JZqFHhd8IyPtrDOpXKeoHSSKkQOYKKxsYQjSS__CKkEnjy2nTCg11CNhvrXiG-Feb2O-PaNtFUevg8U3eboVXlzC-r3z20c2gHQ==&vjs=3&p=14&fvj=1
0,1,Software Implementation Engineer,Showpad,A day in the life of a Software Implementation Engineer. In the morning were drinking San Francisco cold brew coffee with a side of Portland doughnuts –...,https://www.indeed.com/rc/clk?jk=2ec9fe214ccb7011&from=vj&pos=top
0,0,Software Engineer,Argo Software Engineering,Designs develops and tests software components of trading platform for ATS (alternative trading system); Analyzes concepts of derivative securities trading...,https://www.indeed.com//rc/clk?jk=309bafee7307400d&fccid=96c7b80db94d046a&vjs=3
0,1,Software Engineer,Codeverse,Software Engineer responsibilities are:. We are very detail oriented. In the role as Software Engineer you will work closely with design and product to...,https://www.indeed.com/rc/clk?jk=c31be5a9bc6f978b&from=vj&pos=top
0,1,Junior C++ eTrading Software Engineer,JP Morgan Chase,Proficiency in one or more general purpose programming languages C++ (Required) Python and Java knowledge. In 14 technology hubs worldwide our team of 40000+...,https://www.indeed.com/rc/clk?jk=8782023f8aba4b18&from=vj&pos=top
0,1,Front-End Software Engineer,SecureTrust,SecureTrust a leader in cloud-based compliance and information security solutions is seeking a highly talented and motivated Front-End Software Engineer with...,https://www.indeed.com/rc/clk?jk=415761a0ee612fcf&from=vj&pos=top
0,1,Entry-level Software Developer - Chicago,RedMane Technology,Java programming experience developing web-based applications. Entry-level Software Developer - Chicago. Participate in the full software development life cycle...,https://www.indeed.com/rc/clk?jk=b41c21293c9c1dfb&from=vj&pos=top
0,1,Android Software Engineer,Acculynx,What You Will Be Doing Every Day:. This role requires someone who loves the craft of building great software and is passionate about the user experience....,https://www.indeed.com/rc/clk?jk=b723288ad59bbbc0&from=vj&pos=top
0,1,R&D Engineer Intern,HERE Technologies,Java profiling and performance tools (e.g. Ever tracked your online orders?” You might be using HERE Technologies every single day without even realizing it....,https://www.indeed.com/rc/clk?jk=624bfb109dd62823&from=vj&pos=top
0,1,Entry Level Quantitative Trader,Gelber Group,At Gelber you will participate in the full life cycle of the trade development process through idea generation research implementation and operation of an...,https://www.indeed.com/rc/clk?jk=24bf31cc995b1eb9&from=vj&pos=top
0,1,Software Engineer - Data Pipelines,Strike Social,Fluent in at least one programming language such as Python Java Go or Ruby. We are polyglots and youll see us use languages and frameworks like Python...,https://www.indeed.com/rc/clk?jk=a1bb401f1dd9cef9&from=vj&pos=top
0,1,Software Development Intern,Milliman,Qualified candidates should be proficient in one or more programming language preferably within the Microsoft technology stack (C/C++ VBA C# etc.)....,https://www.indeed.com/rc/clk?jk=dfc24915d4be6842&from=vj&pos=top
0,1,Associate Customer Service Engineer,Bell and Howell LLC,Diagnoses electronic mechanical software and system failures using established procedures provided by our highly rated service training department....,https://www.indeed.com/rc/clk?jk=0ca9248ded66d067&from=vj&pos=top
0,1,Jr.Google Cloud Engineer,Xlysi,Google Cloud Engineer Certification. Python SQLAlchemy Flask. 1-3 years of experience in software development or a related discipline....,https://www.indeed.com/rc/clk?jk=89e46277a5920345&from=vj&pos=top
0,1,Software Developer,Mintel,Gain exposure to our full software stack using primarily Open-Source software. Mintel is looking for a talented entry-level Software Developer to join our...,https://www.indeed.com/rc/clk?jk=399574efea1b16e7&from=vj&pos=top
0,1,Software Engineer (Entry Level),Coyote Logistics,Coyote is an industry-leading transportation and logistics service provider that believes in doing the right thing every time....,https://www.indeed.com/rc/clk?jk=8c8436435de4bc93&from=vj&pos=top
0,1,Quantitative Researcher / Strategy Developer,Sunrise Futures LLC,In addition to a challenging and rewarding atmosphere our team enjoys extremely competitive compensation including very generous performance-based bonuses....,https://www.indeed.com/rc/clk?jk=d70385c7d2e12e8f&from=vj&pos=top
0,1,Junior Software Development Associate,Fulcrum Global Technologies,Experience developing in a high-level programming language (Python JavaScript Java Swift etc.). Review code from peer engineers to promulgate best practices...,https://www.indeed.com/rc/clk?jk=935186a143a09851&from=vj&pos=top
0,1,Software Engineering Leadership Development Program,Siemens,Familiarity with Java Python Angular Artificial Intelligence iOS or Android development. Participants will have the opportunity to create new products...,https://www.indeed.com/rc/clk?jk=887d0dbbbd96325e&from=vj&pos=top
0,0,Back-End Software Engineer,Navier Inc.,Requirements for a Back-End Software Engineer:. Primary responsibilities of a Back-End Software Engineer:. C# or Java C Rust....,https://www.indeed.com//pagead/clk?mo=r&ad=-6NYlbfkN0DLgXN0ejRmups6oHfZ_03tDn-DvKF6Cd-75YewHnhfSSoDv7OdZKwV70Am93zriMib8y1pgdNBP3NP7TXi6kc5vIQQFhKtElOWialID5drEzAHGGWFF5PzuzS5pln8yzgUQscK0hpn9n8tF_1v1YG4l2T8nC99lU9T9LbdQMjufDI054CeyZVTMko8m7zrZknvoqfBvOV5UqYpr_ABaEO0FluEnYr7JBQO6MiegBf8_s_67IdgY3STbH04UYppFL1FaisLAWx6W7X1hkACt0zibpdv1TctZdZCo9veZhubZCWJv0gcXXh75nLuMn1lQZ8S2MFf4FdqW2eDp-EP7AXKIeYCqFQhWe3ddMGEI_BPP-7YpylQugRMUP-tZZrrWfqWPZ6nVuk1qSSYbE_BXAJgyvSjtEe3nKK4LYOdgfvCzvqAUph1yuHNVOMww_97aGPfdlMOjydtCw==&vjs=3&p=17&fvj=1
0,0,R&D Engineer,Kranze Technology Solutions,KTS is seeking a systems oriented engineer focused on internal and contract research and development efforts....,https://www.indeed.com//company/Kranze-Technology-Solutions/jobs/R&D-Engineer-730ac1b27bbac215?fccid=4367b476d01dc253&vjs=3
0,1,Cryptocurrency Trader - Chicago,XR Trading LLC,Electrical Engineering Computer Science or related technical field. You will be charged with assisting a new team with learning the landscape of Bitcoin and...,https://www.indeed.com/rc/clk?jk=0ca0d587c1ecad13&from=vj&pos=top
0,1,Application Developer,Risk Placement Services Inc,Medical/dental/vision plans life and accident insurance 401(K) employee stock purchase plan educational expense reimbursement employee assistance program...,https://www.indeed.com/rc/clk?jk=01406b68d2b9baf3&from=vj&pos=top
0,1,Embedded Software Engineer - Entry Level,Prince Castle,Ensure the software design can be fully tested on the production line to aid the quality department at the manufacturing site to produce a very robust...,https://www.indeed.com/rc/clk?jk=fe8fb7a66f569d59&from=vj&pos=top
0,1,Associate Software Specialist,Adroitt,Understanding reporting software databases and software development and adminstration. As an Associate Software Specialist a typical day may include:....,https://www.indeed.com/rc/clk?jk=dd63ce4296aea44e&from=vj&pos=top
0,0,Jr. Software Engineer,Simplex Investments,1+ years professional experience working with a high level language (C++ Java C#). Experience in networked and multi-threaded software development....,https://www.indeed.com//rc/clk?jk=37f914fc72384e51&fccid=04c687d4d1af7aca&vjs=3
0,1,PS&T Product Validation Engineering Intern,Case New Holland Industrial,GPS Auto Guidance Product Control etc.). Pursuing a BS degree in Mechanical Engineering Electrical Engineering Agricultural Engineering Technical Systems...,https://www.indeed.com/rc/clk?jk=6921c252cf4c9c7f&from=vj&pos=top
0,1,Software Engineer Internship,Streamline Healthcare,SOFTWARE ENGINEER INTERNSHIP. You will meet regularly with other Software Engineers and Systems Analysts to evaluate current processes contributing to product...,https://www.indeed.com/rc/clk?jk=f093423cfd70761d&from=vj&pos=top
0,1,Software Engineer,FTD Companies Inc,Software Engineer - Chicago or Downers Grove Illinois. A excellent Software Engineer opportunity to be a part of a team that builds and evolves high...,https://www.indeed.com/rc/clk?jk=2f38f143424aefd4&from=vj&pos=top
0,1,Jr Software Engineer (Java / Spring),Clarity Insights,Jr Cloud / Java Engineer. Experience with Java development on a Linux environment. Great communication skills and enjoy working on a team....,https://www.indeed.com/rc/clk?jk=e3aeb3625d5c3115&from=vj&pos=top
0,1,Software Product Designer,NextCapital,Receive great benefits like stock options employer 401(k) match and employer contributions to health dental and vision coverage....,https://www.indeed.com/rc/clk?jk=9d2154aff80f9005&from=vj&pos=top
0,0,Back-End Software Engineer,Navier Inc.,Requirements for a Back-End Software Engineer:. Primary responsibilities of a Back-End Software Engineer:. C# or Java C Rust....,https://www.indeed.com//pagead/clk?mo=r&ad=-6NYlbfkN0DLgXN0ejRmups6oHfZ_03tDn-DvKF6Cd-75YewHnhfSSoDv7OdZKwV70Am93zriMib8y1pgdNBP3NP7TXi6kc5vIQQFhKtElOWialID5drEzAHGGWFF5PzuzS5pln8yzgUQscK0hpn9n8tF_1v1YG4l2T8nC99lU9zalbzwKK_rxa8K74w6_8ZKIfTv5Hxrf4EJDUG5pxBJGobcD3wbH2cwHswmwZm51bNwEH4vaDHfBRUYEJTZIp2y4HeguFnVYFsNVD8OHuxdqHZ7x9Ub9aThQAvHPjIt68lAOcD_9JxB-OFUKLxX_hlfpnV1qi00asl5XHpq86ZS_rKUucnykVTntCMsLE2PTluVZ32nfrY6nwhPjp1TbZ3B-PEl1RtB0CEdYVxl_y7F3N2zJekibubASJmL-cgz8I7wsdFR9QWi79llExk1OffBeLaUw9-GLstVNj3AGCS6A==&vjs=3&p=1&fvj=1
0,0,Entry Level Software Developer,AMGTech Solutions,Strong knowledge on programming languages like C++ Java or Python. Develop software solutions by studying information needs following the software...,https://www.indeed.com//company/AMGTech-Solutions/jobs/Entry-Level-Software-Developer-e46d481fe65a8759?fccid=61a1dcd7fddbbe9b&vjs=3
0,1,Backend Software Engineer,Gamma Technologies,Professional software development experience utilizing core Java and object-oriented design principles. This is a great place to work and live because it offers...,https://www.indeed.com/rc/clk?jk=011eb38fe982c3c2&from=vj&pos=top
0,1,Backend Python Engineer,Numerator,We currently receives over 300k receipt images per day from our top rated mobile apps running them through a process that includes computer vision OCR...,https://www.indeed.com/rc/clk?jk=9f51af0f748d387f&from=vj&pos=top
0,1,Summer 2019 Intern - Front-End Developer,Aisle Rocket,Aisle Rocket Studios is seeking an Front-End Developer intern with a strong interest in HTML/CSS development. At Aisle Rocket Studios (ARS) you are part of an...,https://www.indeed.com/rc/clk?jk=c1f25e0ff85efd46&from=vj&pos=top
0,1,Software Engineer,Google,Java C/C++ C# Objective C Python JavaScript or Go. Web application development Unix/Linux environments mobile application development distributed and...,https://www.indeed.com/rc/clk?jk=f80633a521846e85&from=vj&pos=top
0,1,Front End Engineer,Inspire11,In order to meet the demands of our high growth business we are looking for a talented front-end developer to assist with building out client solutions....,https://www.indeed.com/rc/clk?jk=af013de320cbae1c&from=vj&pos=top
0,1,Software Engineer,Lenovo,• Solid experience with Linux OS C C++ Java and Kotlin a plus. • Multimedia/image processing software development experience....,https://www.indeed.com/rc/clk?jk=c92f52857605140e&from=vj&pos=top
0,1,Full Stack Software Engineer (JavaScript Focus),Relativity,Excellent communication skills are critical in this role as you will be expected to raise issues early and clearly document your code additions test procedures...,https://www.indeed.com/rc/clk?jk=c72f838c17188afb&from=vj&pos=top
0,0,Back-End Software Engineer,Navier Inc.,C# or Java C Rust. Full-time Part-time Contract. As a Back-End Software Engineer you will primarily work with C# ASP.NET Core and Google Cloud Platform....,https://www.indeed.com//pagead/clk?mo=r&ad=-6NYlbfkN0DLgXN0ejRmups6oHfZ_03tDn-DvKF6Cd-75YewHnhfSSoDv7OdZKwV70Am93zriMib8y1pgdNBP3NP7TXi6kc5vIQQFhKtElOWialID5drEzAHGGWFF5PzuzS5pln8yzgUQscK0hpn9n8tF_1v1YG4l2T8nC99lU9sn3Urvgm-7LcD1oWZCD_-ra0VsXOZSjEsocpVb7R6eWE3d3npTHZFyejM_3A4k06d_uyDmJdIp0kAslzxYCxUdFoEhpn3c7prUmuu9mPHw3VFIbJe6moQEt5wFOTxmyZQs5ov218wKVdUBcYu6gGP8HE_xstKhmPhjpzEBzwBuXlZ6n9M3IdJBi3GAHE0oIHDc6_9pvRxng9sC4OQ8HHwSkgYuTtXiVz9k76M0zGff7GgCLKSKpc7zFyGvAokqhBQXe3UUNYwHXi4Z6YQMC18pu92CJZrw0GWo60YlYpu7g==&vjs=3&p=2&fvj=1
0,1,Health Data Analyst,Mercy Health System of Chicago,Ability to meet deadlines and set priorities. Working knowledge of project management. Revised JD is submitted....,https://www.indeed.com/rc/clk?jk=dcea61c175ed8e1a&from=vj&pos=top
0,1,Support Analyst (SQL),Exelon,Hands-on use of one or more scripting language for data analysis (Python R Java etc.). Key responsibilities include day to day support of client requests for...,https://www.indeed.com/rc/clk?jk=ea44aaf5bf0fc89a&from=vj&pos=top
0,1,Software Development Engineer - Optimize,Groupon,Experience with Ruby Java and/or JavaScript. Youll spend your time on:. You will help us build a complex real-time data pipeline in the cloud....,https://www.indeed.com/rc/clk?jk=99f53d9f17eaca5f&from=vj&pos=top
0,1,Data Distribution Software Engineer,JP Morgan Chase,Proficiency in one or more modern programming languages Java JMS JUnit JDBC J2EE Spring Boot. In 14 technology hubs worldwide our team of 40000+...,https://www.indeed.com/rc/clk?jk=878abd6bae4cdea5&from=vj&pos=top
0,1,Variable Data Programmer,R.R. Donnelley & Sons Company,Very good experience in Macintosh desktop publishing (including such software such as QuarkXpress InDesign Adobe Photoshop and Adobe Illustrtaor) is required...,https://www.indeed.com/rc/clk?jk=45c45a63015245e5&from=vj&pos=top
0,0,Test Analyst,ValueLabs Inc.,Knowledge in basic testing QA C+ Java or any programming languages. ValueLabs is currently recruiting for fresh grads/entry level with a Computer Science or...,https://www.indeed.com//company/ValueLabs/jobs/Test-Analyst-3c7b8ca3380282b7?fccid=a3a205eec2c5353a&vjs=3
0,1,Entry Web Developer,DonationXchange,Events.org and Donation Exchange two major product offerings of SnapSolutions are pleased to offer a great opportunity for a web developer starting out in the...,https://www.indeed.com/rc/clk?jk=72cf730db2b63792&from=vj&pos=top
0,1,Software Engineer,OneMain Financial,We are looking for a Software Engineer. Youll work as part of a full-stack agile development team to design and implement web applications at the leading edge...,https://www.indeed.com/rc/clk?jk=1055481f131a6c86&from=vj&pos=top
0,1,Associate Application Engineer,Fusion Risk Management Inc.,Java JavaScript HTML SQL. C++ .NET any modern object oriented language. Numerous industry verticals are represented within our customer base including...,https://www.indeed.com/rc/clk?jk=4672063d31f5ef19&from=vj&pos=top
0,1,Development Internship,Mediaocean,Java Kotlin Mobile app development Spring Hibernate ML Microframeworks React.js React Native HTML/CSS/Javascript....,https://www.indeed.com/rc/clk?jk=e2d5f20f7bd168a6&from=vj&pos=top
0,1,Software Engineer Backend (Multiple levels),The Climate Corporation,By applying to this requisition you will be considered for backend roles ranging Software Engineer II Senior and Staff Software Engineer in our organization....,https://www.indeed.com/rc/clk?jk=6b92d006ebc1f423&from=vj&pos=top
0,1,Associate Software Engineer,NMI,NMI is committed to providing equal employment opportunity for all persons regardless of race color religion sex age marital status national origin...,https://www.indeed.com/rc/clk?jk=dbfbe4c5eca1374a&from=vj&pos=top&spon=1&adid=282285870&sjdu=jYkcxhDK1iWyC6hPHvzKPemvCw16eVorbTTj22T2V0og7hI51XA1PJqkVkvMG8mi
0,1,Software Engineer,JP Morgan Chase,Proficiency in one or more modern programming languages Java Spring Boot React Kafka Cassandra microservices....,https://www.indeed.com/rc/clk?jk=fd81517a1812551e&from=vj&pos=top
0,0,Back-End Software Engineer,Navier Inc.,C# or Java C Rust. Full-time Part-time Contract. As a Back-End Software Engineer you will primarily work with C# ASP.NET Core and Google Cloud Platform....,https://www.indeed.com//pagead/clk?mo=r&ad=-6NYlbfkN0DLgXN0ejRmups6oHfZ_03tDn-DvKF6Cd-75YewHnhfSSoDv7OdZKwV70Am93zriMib8y1pgdNBP3NP7TXi6kc5vIQQFhKtElOWialID5drEzAHGGWFF5PzuzS5pln8yzgUQscK0hpn9n8tF_1v1YG4l2T8nC99lU-kr4Nr30yrmCXVXbm5ixlkg3SUmFpdQ2y6EN1E-8U5RKWL6XDTQs5oYm4qG5os4r_8HMG0RkjFnC5WKolZlBwvbRa1IAIFVE6_vrAdrhlq6sOL-FqrVoUrz5dWrtqk0r8onDwCXLr7NoW09DBHsalVnb8hnrkqE8aNRcpkNZaZuLys-hACkRYSK0iPp5a0ioz2n7Z-IA9imyB1nKWsHFQpN0eCrCUr9nwqPv4jhYZ4Rtj_hYF-ftQgnwZgOPhDfj4ni5kwWDZfuJSqy7LIASnGW0wV2fX4wIckB7SBndlbWA==&vjs=3&p=13&fvj=1
0,1,Associate MathTest Engineer,Scientific Games,The Associate Math Test Engineer works with mathematicians software engineers and SQA teams to ensure accurate theoretical calculations and its software...,https://www.indeed.com/rc/clk?jk=39507c3b1dba3653&from=vj&pos=top
0,1,Lead Machine Learning Engineer Entity Understanding,Glassdoor,Join us if you have a deep understanding of NLP and machine learning techniques and experience implementing those models at large scale in real-world...,https://www.indeed.com/rc/clk?jk=a326462d7d326335&from=vj&pos=top&spon=1&adid=292432820&sjdu=VyNrwcfTK15LupteTX0rmTGP5G_f44lICE5MeDNBB20
0,1,Front-End Software Engineer,SecureTrust,Excellent oral and written communication skills. Real-world experience building very large scale high availability applications....,https://www.indeed.com/rc/clk?jk=415761a0ee612fcf&from=vj&pos=top
0,0,Jr level .Net Engineer Positions,Dataquest Corp,*Dataquest Corp is a leading company in New Jersey. We provide staffing services to our clients across USA. Dataquest Corp has nearly 750+ H1B’s consultants....,https://www.indeed.com//company/Dataquest-Corp/jobs/Junior-Level-Net-Engineer-Position-38b826315790f525?fccid=dd616958bd9ddc12&vjs=3
0,1,Java Software Engineer (SQL),Mass Genics,Our client is a well desired financial firm working on the best and newest technologies and they are looking to add more seasoned Java professionals to their...,https://www.indeed.com/rc/clk?jk=dead308ce704b0ef&from=vj&pos=top
0,1,Fullstack Software Engineer,Rocket Travel Inc.,Youll be an integral member of one of our emerging product teams helping to build travel-focused web applications....,https://www.indeed.com/rc/clk?jk=3f84c607c810cc32&from=vj&pos=top
0,1,Sales Engineer Google Cloud,Google,CI/CD Java Python Chef Puppet Ansible). San Francisco CA USA; Google Cloud helps millions of employees and organizations empower their employees serve...,https://www.indeed.com/rc/clk?jk=56168cbbcd6c1c71&from=vj&pos=top&spon=1&adid=290877025&sjdu=0ZFwD5rbjMRcHz87Kzx_g2-Z1pMRn-vIHpm7j0268M0XHiluEZLBkvOhcvMDAOw9s9js3H2qJAoyOxHSxLphg-Ko5T_9_-ZgaFgmuSWVN1wEyW6Zes_8yClZfIHaF3cl8lB_-0rJqzPZnYC-lqyhwne_Tw8YbTj0bSL1l1deVU443rDVhEZX_8Zmg4zqEyqGVhwfIkbFpSavaHvqokm8tX2iFxvmb8Myw5aoqazAo1cd3obeVgADzBF1phv2Le0r
0,1,iOS Software Engineer,Acculynx,This role requires someone who loves the craft of building great software and is passionate about the user experience. What You Will Be Doing Every Day:....,https://www.indeed.com/rc/clk?jk=2e34f110bb054dd8&from=vj&pos=top
0,0,Software Quality Assurance Engineer,Scientific Games,Responsible for having an understanding of the software test methodologies and procedures in order to ensure testing efficiency and high level of quality....,https://www.indeed.com//company/Scientific-Games/jobs/Software-Quality-Assurance-Engineer-05648afb33d8fa33?fccid=c84a7d17b9b1910b&vjs=3
0,1,Junior Software Engineer,BenchPrep,Junior Software Engineer. In this role youll get to own projects with real user impact and be in a great team of passionate engineers in a fun collaborative...,https://www.indeed.com/rc/clk?jk=2e4eb4690460186a&from=vj&pos=top
0,1,Software Engineering Summer Internship 2019,BMW Technology Corporation,Java C++ ASP.Net C# .NET Python Objective C Swift etc.). As a Software Engineer Intern you will leverage your software engineering skills to design...,https://www.indeed.com/rc/clk?jk=88cf614583afb18b&from=vj&pos=top
0,1,Chemical Database Software Developer,Accenture,We are currently seeking a talented Chemical Database Software Developer to advise our team developing our cloud based research platform being co-developed with...,https://www.indeed.com/rc/clk?jk=ffd22f11ffee4a3d&from=vj&pos=top
0,0,Back-End Software Engineer,Navier Inc.,Requirements for a Back-End Software Engineer:. Primary responsibilities of a Back-End Software Engineer:. C# or Java C Rust....,https://www.indeed.com//pagead/clk?mo=r&ad=-6NYlbfkN0DLgXN0ejRmups6oHfZ_03tDn-DvKF6Cd-75YewHnhfSSoDv7OdZKwV70Am93zriMib8y1pgdNBP3NP7TXi6kc5vIQQFhKtElOWialID5drEzAHGGWFF5PzuzS5pln8yzgUQscK0hpn9n8tF_1v1YG4l2T8nC99lU9bwEqLwm9uzXUHRYwWXZ2GX5zSAOg9lIwKqUn31sxPOBiKSufMiqpYVx0oS97ISuWWsMilp_pYEkME8wmNGRLH0WmhzXE46AyRvMquGmcFr_cQbR9Cdiw_RdbwL6R-dDNdOCuve5cHvQj7NjRGfjM3sqlst7LDuVxkLK_XymW-mCzoQ0WIZwKatBufqQ8KdkqiGP3EU2XfucRZ_Kq8W9Tr9CjelPYcw5gHxs_gB3OrhHYLkUsYXdCcU-GDkxryeoq8niVU5C3lWqcpBpeP73pj7GVdbhSTJ22ZDW-Ym8tTMw==&vjs=3&p=0&fvj=1
0,1,Software Engineer,Label Insight,Experience in object-oriented development with Java and familiarity with frameworks and tools including Spring....,https://www.indeed.com/rc/clk?jk=b71c73c515f145e1&from=vj&pos=top
0,0,Junior Ruby Software Engineer,TimeDoc Health,Junior Ruby Software Engineer*. If you are a talented engineer but new to web development then excitement about learning these technologies quickly....,https://www.indeed.com//company/TimeDoc-Health/jobs/Junior-Ruby-Software-Engineer-f7dc001d7b6fdcdf?fccid=0608551f44cee468&vjs=3
0,0,Applications Engineer,Adelaide Manufacturing,Hiring Applications Engineers. Must have some proficiency with design software (SolidWorks ProE etc). Chicago IL and Milwaukee WI....,https://www.indeed.com//company/Adelaide-Manufacturing/jobs/Application-Engineer-ab97529395c958bc?fccid=003aacd3762994ac&vjs=3
0,0,Back-End Software Engineer,Navier Inc.,Requirements for a Back-End Software Engineer:. Primary responsibilities of a Back-End Software Engineer:. C# or Java C Rust....,https://www.indeed.com//pagead/clk?mo=r&ad=-6NYlbfkN0DLgXN0ejRmups6oHfZ_03tDn-DvKF6Cd-75YewHnhfSSoDv7OdZKwV70Am93zriMib8y1pgdNBP3NP7TXi6kc5vIQQFhKtElOWialID5drEzAHGGWFF5PzuzS5pln8yzgUQscK0hpn9n8tF_1v1YG4l2T8nC99lU9jzFdgV-U6rCSPPf5dY9WnUJuTafIr4AWNWCUnxDEQpGkuOTOrdwS54SQPXoUsrfrcK8dq32W6Z-ZGEZXbPsBEZKYGWORI8BwRCfeTZyoJ4bqnLmeEf0j8bVO7VD6UE1RejBVhuQ8l_EYyT70aeLpBR4YvrJkHMXPbT02sEZTLPYjoA6x-1r3VCz7PbwVkK1Vl-dww7uME6uh_z6Np2J2ckxFukNgItC3sMmvAptxIcLPBw_4z6Auxe7_wQzkqV-OSefVaX9DxHc7djzJeXw98E05Kmvtn_A9usSda9YnkGQ==&vjs=3&p=17&fvj=1
0,0,Azure Engineer,Pinnacle Peak Partners,The organization we represent is an industry-leading transportation and logistics service provider that believes in doing the right thing every time....,https://www.indeed.com//company/Pinnacle-Peak-Partners/jobs/Azure-Engineer-c44c59e86164f2ce?fccid=edfca533010bd173&vjs=3
0,1,Developers,Sphere Inc.,Creating front-end software using Java Script HTML and CSS. Creating reusable modules and components using JavaScript Python Ruby on Rails Backbone.js...,https://www.indeed.com/rc/clk?jk=a8b89894a2d3827c&from=vj&pos=top
0,1,Software Engineer Intern - Chicago,XR Trading LLC,This position will be mentored by our IT staff to make impactful contributions to Python database and web-based systems....,https://www.indeed.com/rc/clk?jk=d8bbae0a0c141119&from=vj&pos=top
0,1,Associate Software Engineer,NMI,A Payment Gateway which develops the most trusted payments software for customers in 38 countries across the world....,https://www.indeed.com/rc/clk?jk=dbfbe4c5eca1374a&from=vj&pos=top
0,1,Associate Software Engineer,NMI,A Payment Gateway which develops the most trusted payments software for customers in 38 countries across the world....,https://www.indeed.com/rc/clk?jk=dbfbe4c5eca1374a&from=vj&pos=top&spon=1&adid=282285870&sjdu=jYkcxhDK1iWyC6hPHvzKPemvCw16eVorbTTj22T2V0og7hI51XA1PJqkVkvMG8mi
0,1,Embedded Software Engineer - Entry Level,Prince Castle,The Software Engineer will:. Serve as the primary contact on product embedded software design utilizing software graphical frameworks and software layering...,https://www.indeed.com/rc/clk?jk=fe8fb7a66f569d59&from=vj&pos=top
0,0,Project Engineer,UPS,Experience with MS Office Suite or similar software - Preferred. We are seeking project engineering specialists which will be part of a project team assigned...,https://www.indeed.com//company/UPS/jobs/Project-Engineer-36de2f6b5cc44bd6?fccid=fcf465e707df52fb&vjs=3
0,1,App Developer,Lettuce Entertain You Restaurants,Use and further develop knowledge of Application Programming Interfaces / APIs and mobile applications including but not limited to security accessibility (ADA...,https://www.indeed.com/rc/clk?jk=61e874eba0313a87&from=vj&pos=top
0,1,Digital Payments Associate Developer,Discover Financial Services,We’re all about people and our employees are why Discover is a great place to work. At its core Discover is a software company....,https://www.indeed.com/rc/clk?jk=b809cbcfd63aedbc&from=vj&pos=top
0,1,Software Engineer – Controls and MiL/SiL/HiL Development,Gamma Technologies,We are looking for a creative focused self-starter to work as a software developer in the area of engine and vehicle controls development co-simulation and...,https://www.indeed.com/rc/clk?jk=817b5c7f1a438106&from=vj&pos=top
0,1,Data Engineer,SMS Assist LLC,Passionate and attentive self-starters great communicators. Experience with Python is preferred but not required....,https://www.indeed.com/rc/clk?jk=855752100bbb0729&from=vj&pos=top&spon=1&adid=274827148&sjdu=goB9KMQitJP7Rac19A8eZ8_REo0TK6RhMC8f5gLlrYLcn5jpt3hxZwBd6Sj1zDmrKV2mvvT8rd0it7h96xMsiQhRKbPgKRVWFD4CTLYuhlVtRsJDi2jnFpI_3ra6m2QSKzvtJxwG4svMHWocMrLYzkFy0gauNnolbEWxOSXwiBA
0,0,Back-End Software Engineer,Navier Inc.,Requirements for a Back-End Software Engineer:. Primary responsibilities of a Back-End Software Engineer:. C# or Java C Rust....,https://www.indeed.com//pagead/clk?mo=r&ad=-6NYlbfkN0DLgXN0ejRmups6oHfZ_03tDn-DvKF6Cd-75YewHnhfSSoDv7OdZKwV70Am93zriMib8y1pgdNBP3NP7TXi6kc5vIQQFhKtElOWialID5drEzAHGGWFF5PzuzS5pln8yzgUQscK0hpn9n8tF_1v1YG4l2T8nC99lU9eCVepY7dSqiBXxY9oYgXrFKNfBpfYOI5JPOB9hgCWtUfRZLOjqvwlLqxFXHwTtc7mDaPg1bbR3SYlZiUcPTdNDxVw8uN40fdSIHLTJFA9Ctsnn8Ows9alKpwsIg8wASJZBPwyMecXfGLv4wdu4DPxNs2jIc7cUFz3HNfLmnzWWVRIZW3KU0ftXCAZPyq2_Q6QbzaNP9okBHupDKVGBsvWm-RsZ1NW7twgTBiI2TFWyOMuOhk4IUzTB500QU11HUCzntYE6gesL2PD1sjNXmZZdyt8_1JWdJt88-NWj9nXlQ==&vjs=3&p=17&fvj=1
0,1,Associate Systems Engineer I (GSAP),DELL,As an Associate Systems Engineer (ASE I) you will participate in the Global Services Associate Program (“GSAP Program”) to acquire the skills and knowledge to...,https://www.indeed.com/rc/clk?jk=148bbee13c25f7a8&from=vj&pos=top
0,1,Software Engineer,Tempus,Node.js React.js Angular.js Java Python MySQL Postgres REST and GraphQL. Were looking for software engineers who are passionate about changing the...,https://www.indeed.com/rc/clk?jk=ccc61de2a1807fa2&from=vj&pos=top
0,1,Software Engineering Summer Internship 2019,BMW Technology Corporation,Java C++ ASP.Net C# .NET Python Objective C Swift etc.). As a Software Engineer Intern you will leverage your software engineering skills to design...,https://www.indeed.com/rc/clk?jk=cd4873c5e7c4232b&from=vj&pos=top
0,1,Software Engineer,Paypal,Experience mentoring and developing software engineers. Were a purpose-driven company whose beliefs are the foundation for how we conduct business every day....,https://www.indeed.com/rc/clk?jk=df662b3c988149e1&from=vj&pos=top
0,1,Software Engineer,Flexera Software Inc.,Experience with an object-oriented language (Ruby Python PHP Java) model-view-controller framework experience is a plus....,https://www.indeed.com/rc/clk?jk=cd2a2e2f9e30289e&from=vj&pos=top
0,1,Developer,dbHMS,Knowledge of the Software Development Cycle and DevOps. At dbHMS the Developer is responsible for the coding technical design and development of new software...,https://www.indeed.com/rc/clk?jk=55a7a8174a4bb7b5&from=vj&pos=top
0,1,Embedded Software Intern,Shure Incorporated,As part of the team doing this development and testing the intern will gain exposure to networking and embedded software as well as graphical user interfaces...,https://www.indeed.com/rc/clk?jk=59653ad981a80a58&from=vj&pos=top
0,0,Back-End Software Engineer,Navier Inc.,Requirements for a Back-End Software Engineer:. Primary responsibilities of a Back-End Software Engineer:. C# or Java C Rust....,https://www.indeed.com//pagead/clk?mo=r&ad=-6NYlbfkN0DLgXN0ejRmups6oHfZ_03tDn-DvKF6Cd-75YewHnhfSSoDv7OdZKwV70Am93zriMib8y1pgdNBP3NP7TXi6kc5vIQQFhKtElOWialID5drEzAHGGWFF5PzuzS5pln8yzgUQscK0hpn9n8tF_1v1YG4l2T8nC99lU-JMYZSwyGr_vowu87aDTPG02Ltu710kxIm4GLlVI1SZL6AURURsapySGgcZFG8HMG-nixDhqT04wfEEqBjdSclGTna-VbQ-jyfpLWZMad-uvJnONsQBqW5IMj-7EcxVz3-T3iLHmma933emlP2IRl9iiKDxTKO-RJOaYDT12uieLExBLOyPRQMgMNlNECfctuEwUBJGHh2bD7PXtaKOIsTvihoSQxp0Uekof8nKR-gl_iDv5TXsigeFmr_AOUvjAOieRCWVP8Qzh8ysETnnEfZ_6iflNHisXMYfjqvugEOBg==&vjs=3&p=12&fvj=1
0,1,Software Engineer,OneMain Financial,We are looking for a Software Engineer. Youll work as part of a full-stack agile development team to design and implement web applications at the leading edge...,https://www.indeed.com/rc/clk?jk=30284436a842185a&from=vj&pos=top&spon=1&adid=267703609&sjdu=teYnAu8OgCGxABCwWD3OBGSvNPsXXaEnWLrUq8268_TN1x4WEg_oZhPZdC1I5d-V_C1kNNhj62wtMIoSRnQAkEmXMW6DzK2DE5Ha1vq19fJzeQ-njTfckc-_7SqXuwdgQEXNc2PLS7FlWXAfNR4j8ZUVO6WyCWfCkdVI6cS5C2VToOVnPZQoCEgXBYOBr3vjp2TGpA4QTxuhHYJtJ6XyfjdFh7bqhUhdYMe8yssQvZ8WcwZZU3yxlCk21tiyiuzb9GVD8glProO5JGYWbPzZkg
0,0,Entry Level Program Support Specialist,AnyLogic North America LLC,2+ years of solid experience with Java or Python is a *MUST*. Working with our technical team to effectively answer complex and challenging questions about...,https://www.indeed.com//pagead/clk?mo=r&ad=-6NYlbfkN0ChsHIEXxoEGwpcw-28XgD45wlo_bGl7g9Qvx6as3oIY_rn4IESHIPCU3hU7iCu_h6OvM-I1sD6q-ykgBGD2LCKmAWABfhiX_5e6uWUpCchg_9qrgVkytG23jvRC7q5mb_RCXeLysBy57MgHtRi2q8zw8BFPxeI3iBN7Y__iOoy6-4Dng1dwmdjkE9ApoeaGyy3B_aV0iVVfO4is3kinbMY_zfuzhFQUATL-wJQUaJCKBXRkvuaWMMLxEAXjgV4wYCOQ170UwjJOrdNMrDtxuQaPkembexDWf5c0fvhASWMctmD78iZ5I42Z0pVBe2J_ejtJRa4yJmnWQ4v7ADEbwC4TgVBobBBTTlW4cNKeANmEr4NAEeSEka4X_8duKkC9GCObZDWf6CjeXCj2t0hY8nk&vjs=3&p=9&fvj=1
0,1,Junior Software Developer,Vertex Consult,Vertex Consulting Services in Chicago IL is seeking Junior Software Developers to develop information systems by designing developing and implementing...,https://www.indeed.com/rc/clk?jk=a172329ff93b97ce&from=vj&pos=top
0,0,C++ Software Engineer,EMM Inc,Understanding of client-server software. As a Software Engineer you will work on EMMs proprietary trading platform which blends high-speed performance tools...,https://www.indeed.com//company/Eagle-Market-Makers/jobs/C++-Software-Engineer-e18aa1196df0b918?fccid=dcc57e4c76b5de22&vjs=3
0,1,Software Dev Engineer I,Expedia Group,Experience with the Java programming language. As a full-stack Software Engineer I with Expedias Partner Central team you will work on web applications used...,https://www.indeed.com/rc/clk?jk=a93ab9fc95cae12e&from=vj&pos=top
0,1,Software Engineer,OneMain Financial,Youll work as part of a full-stack agile development team to design and implement web applications at the leading edge of digital lending....,https://www.indeed.com/rc/clk?jk=1055481f131a6c86&from=vj&pos=top
0,1,Backend Software Engineer,eSpark Learning,As a Backend Software Engineer youll join our small growing engineering team. Youll contribute to creating fast dynamic age-differentiated applications...,https://www.indeed.com/rc/clk?jk=7ef9f2eb6754615e&from=vj&pos=top
0,1,Engineer I Software,Shure Incorporated,Experience with C C++ python java script HTML SQL and other scripting languages. The Software Engineer designs develops and implements advanced scripts...,https://www.indeed.com/rc/clk?jk=cd0210bb3086b558&from=vj&pos=top
0,1,Software Engineer,Tillable,Proficiency in Python with knowledge of at least one Python web framework (Flask/Django). Tillable is an exciting work environment surrounded by great people...,https://www.indeed.com/rc/clk?jk=0b94c2060a88e829&from=vj&pos=top
0,1,Software Engineer,Flexport,Be part of a close-knit engineering team that ships new code every day. At Flexport youll develop products that are at the forefront of reshaping the entire...,https://www.indeed.com/rc/clk?jk=fc478b80dde82ada&from=vj&pos=top
0,1,Cisco Network Engineer,Aston Technologies Inc.,Louis Park MN (suburb of Minneapolis) with a west coast office in San Francisco CA. Great communication skills (oral & written)....,https://www.indeed.com/rc/clk?jk=9bd7af22b8d565b4&from=vj&pos=top&spon=1&adid=58900875&sjdu=vYnrkqRfTTsRZp5A4nDo7WiAFeoWsVTwVmeTJzyvo2Djml4W5AB1Uq7xFh0u9mHx
0,1,Entry Level Software Developer,Smoothstack Inc.,Basic knowledge of Java C# .Net Python or similar programming languages. Junior Software Engineer / Entry-Level Software Developer....,https://www.indeed.com/rc/clk?jk=971d1c59d5ec0c28&from=vj&pos=top&spon=1&adid=283691649&sjdu=P79yvCsiQGT8ISk6zglRD4q_wAYZYdF0BncIJkxvh-Nl6j1yqqV4r2HBCVzSSUrQ8v2Hvyfuj0qs3VqKJwsXplL1wGknqYUlOD1-x2BB5ek
0,0,Back-End Software Engineer,Navier Inc.,Requirements for a Back-End Software Engineer:. Primary responsibilities of a Back-End Software Engineer:. C# or Java C Rust....,https://www.indeed.com//pagead/clk?mo=r&ad=-6NYlbfkN0DLgXN0ejRmups6oHfZ_03tDn-DvKF6Cd-75YewHnhfSSoDv7OdZKwV70Am93zriMib8y1pgdNBP3NP7TXi6kc5vIQQFhKtElOWialID5drEzAHGGWFF5PzuzS5pln8yzgUQscK0hpn9n8tF_1v1YG4l2T8nC99lU-QDopQaDGDdhoYUfen34iLmmoRSI2f-IJPYOsvZeu6Dax19YZh3_haIpgMwd2ceiVcZvLLgNOFLlJpG6DDzt9FBHhkPFFdGHG5qHm25gcSEEOD_Hu8KGdZ7T4VGXdYfl7BA1mexeGUm1DbQr28OknnEWZF4OzuUd_Z9LMvs_EHF19D80plmTqwStXgeVtIorUvzHaEoUv0g1toValclYH9NoY4Hn1aejOd1C_OmvgGmgQWzxPLq8bkILyYlh_3Fg_mywBVgS8eUoyGwYZzsiUESZlmExOt93S1EuJ3ZHzBwQ==&vjs=3&p=14&fvj=1
0,0,Back-End Software Engineer,Navier Inc.,Requirements for a Back-End Software Engineer:. Primary responsibilities of a Back-End Software Engineer:. C# or Java C Rust....,https://www.indeed.com//pagead/clk?mo=r&ad=-6NYlbfkN0DLgXN0ejRmups6oHfZ_03tDn-DvKF6Cd-75YewHnhfSSoDv7OdZKwV70Am93zriMib8y1pgdNBP3NP7TXi6kc5vIQQFhKtElOWialID5drEzAHGGWFF5PzuzS5pln8yzgUQscK0hpn9n8tF_1v1YG4l2T8nC99lU9iS-wfOG2gsm1OPZPPqzA9H7ENBF9_M7Z2t_GVC2zuYIQzTciWXEGaSYFlK52jdZuACt38tkOjJrmuToZM2VAvqNXskxUlY24q7ZXglFOOPYkoWZJ4lY_BNzJqsQPRuHcVk3HbbBGfIZxKFwsJADqEL6Pq_UrC3H7ul5eSn0aVi64NIczXCUpWfaLA0QYJiuHQifAPr0IarcQKCp__XlRMy8EyDC0qdhnp7X_s6Od01EyNTxiVt7zJ9pQ5iH7Qtv3ToTuQ3OXjiJDNgcMS2ylmOvbJ6ytdJDus0henhPsbvQ==&vjs=3&p=1&fvj=1
0,1,Quantitative Developer FEATURED,Galaxy Tek Hires,Responsible for developing and supporting a scalable quantitative research framework using Python C++ and other software systems....,https://www.indeed.com/rc/clk?jk=09207bb22baa09ce&from=vj&pos=top
0,0,ROS Research Robotics Software Engineer,Trossen Robotics,The concentration is in Software Engineering with some mechanical and electrical engineering side work. Core Software Languages*....,https://www.indeed.com//company/Trossen-Robotics/jobs/Ros-Research-Robotic-Software-Engineer-194859dcd285cd25?fccid=73280cae8b390dcb&vjs=3
0,1,Associate Quality Engineer- Entry Level,Discover Financial Services,This position offers the opportunity to work in the new and fast growing Digital Checkout Services space where you will get to work with next generation tools...,https://www.indeed.com/rc/clk?jk=845dd5bfa13cee95&from=vj&pos=top
0,1,Full Stack Engineer,BazaarVoice,Strong software development knowledge in programming/scripting languages such as Java Python Scala C# or similar language....,https://www.indeed.com/rc/clk?jk=0bce299face23e27&from=vj&pos=top
0,1,Professional Services Engineer,NGINX,Is looking for Professional Services Engineers to join our Professional Services team and work remotely (preference for cities near major airport hubs such as...,https://www.indeed.com/rc/clk?jk=7aad011a0420a4a9&from=vj&pos=top
0,0,Back-End Software Engineer,Navier Inc.,Requirements for a Back-End Software Engineer:. Primary responsibilities of a Back-End Software Engineer:. C# or Java C Rust....,https://www.indeed.com//pagead/clk?mo=r&ad=-6NYlbfkN0DLgXN0ejRmups6oHfZ_03tDn-DvKF6Cd-75YewHnhfSSoDv7OdZKwV70Am93zriMib8y1pgdNBP3NP7TXi6kc5vIQQFhKtElOWialID5drEzAHGGWFF5PzuzS5pln8yzgUQscK0hpn9n8tF_1v1YG4l2T8nC99lU8VRqbv1gFHJfxSxpEWZ7Qzy34fhmpwTHZgVFN8XbbpjbXIyNOkB4NRriBoWUsCfs97j9mK7sWi4CcJ85w6tdRgL_Z2apb0vWrbxhQpXvGgTkaO3d5TDk5vj117El3Df4Jnq_3iUNwCZ7CYEeD9mr-VvP6Zjc4e6SYs41o8CiFcS91rFtJdKeEJORFntZBlE2LAaIrcCIHnYcuQd59Nf_szWCnXYBcQyf3Jo_OEVKonjWcV2WcBirQ9th9t02JUtHRJY3IJ43pZA-4_ojvxexTUg8xUf57hg1er49jCNVsBDg==&vjs=3&p=12&fvj=1
0,1,Associate Developer,Blue Cross Blue Shield of IL MT NM OK & TX,Knowledge of mobile technologies (HP Anywhere / iOS / Android / Java / HTML5). Knowledge of scripting languages (BASH / PERL / PYTHON / RUBY)....,https://www.indeed.com/rc/clk?jk=0226fb15e2de3631&from=vj&pos=top
0,1,Systems Analyst Associate,Northwestern University,Excellent learning skills ability to synthesize and extend learning to other similar cases. Enters basic software configurations to meet user needs....,https://www.indeed.com/rc/clk?jk=c95c82578fd4d4c2&from=vj&pos=top
0,1,Software Engineer,CCC Information Services Inc.,The Java / J2EE Software Engineer is expected to assist with the conceptualization of software solutions at both the unit level ie. program module and at the...,https://www.indeed.com/rc/clk?jk=9fbd70649068c29d&from=vj&pos=top
0,1,IT Release Engineer,Gregory Laka & Company,Need to have very strong Agile test technique experience. Will do build release & deployment of software and need deep skill in source control management....,https://www.indeed.com/rc/clk?jk=ecf3fd52f355757b&from=vj&pos=top&spon=1&adid=254273532&sjdu=i6xVERweJM_pVUvgf-Mzud6v7vx4W2vba62rTobId3737LDQopJVULXJHxhTalVr
0,1,Software Engineer I,Peapod,We offer a great variety of benefits and perks to our employees that includes great choice of health care options including PPO and HSA plans (with company...,https://www.indeed.com/rc/clk?jk=76dbec7110238525&from=vj&pos=top
0,1,Software Engineer ECC (Higher Education) - Chicago IL,Huron Consulting Group Inc.,Experience working with Java J2EE and substantial skills in web markup and scripting languages (HTML XHTML XML AJAX JQuery CSS JavaScript and XSLT)....,https://www.indeed.com/rc/clk?jk=d7ab183fe4973736&from=vj&pos=top
0,0,Back-End Software Engineer,Navier Inc.,Requirements for a Back-End Software Engineer:. Primary responsibilities of a Back-End Software Engineer:. C# or Java C Rust....,https://www.indeed.com//pagead/clk?mo=r&ad=-6NYlbfkN0DLgXN0ejRmups6oHfZ_03tDn-DvKF6Cd-75YewHnhfSSoDv7OdZKwV70Am93zriMib8y1pgdNBP3NP7TXi6kc5vIQQFhKtElOWialID5drEzAHGGWFF5PzuzS5pln8yzgUQscK0hpn9n8tF_1v1YG4l2T8nC99lU8nZL1Cgh5OgDOPW2d-UEaGPSNeRbgR9U5OUzG_ok00utob0M3G0I6T_j3yWtoRD-c7Fp2b0j5dKto4T8Gk-iXRPuViPcIOu6bm-H9WTU-6b-__AiRc-oUeBQmkZ4jdZaUIIsd63YmWNJd9-3EFrDw_y6ynQ88YN5p_PzVNjKCBKNyNuIQebmLGqQ8pQneZ-Pi9g6W1DkA-0jztbFwIZuZYA7XdmfFskPpqxFi4uXKun2NeyFZX2zwlp8jVpcHL5051n7l_w6Y4ucQ7kQBVKkcZro1wzUd6u24EWPVKrR33DQ==&vjs=3&p=12&fvj=1
0,0,Associate IT Engineer,Vetter Development Services USA Inc.,Our focus is on providing highly skilled support and state-of-the-art manufacturing resources - we are a Contract Development and Manufacturing Organization ...,https://www.indeed.com//company/Vetter-Development-Services/jobs/Associate-IT-Engineer-72ffba7eeedf7389?fccid=88161f59ecc8afe0&vjs=3
0,1,Software Engineer 1,Capgemini,Has multiple openings for the position of Software Engineer 1 based out of its Chicago IL U.S. Design/develop/maintain IT applications and their components or...,https://www.indeed.com/rc/clk?jk=b8405ea309fc176d&from=vj&pos=top
0,0,Entry Level Program Support Specialist,AnyLogic North America LLC,2+ years of solid experience with Java or Python is a MUST. Working with our technical team to effectively answer complex and challenging questions about...,https://www.indeed.com//company/AnyLogic-North-America-LLC/jobs/Entry-Level-Program-Support-Specialist-3c36e2f2b735f47d?fccid=67ce5e94f7cebe8e&vjs=3
